,type,SGDClassifier_average_precision_score,Gensim_average_precision_score,BERT_average_precision_score
0,type_business,0.9676589102448631,0.9205031424544301,0.9508012368621682
1,type_entertainment,0.9696015730325338,0.9337644292525452,0.9547054999830948
2,type_politics,0.9799384907541274,0.9551834519889332,0.963077127929472
3,type_sport,0.9986690161504048,0.9815325821186056,0.994206953325418
4,type_tech,0.9804436304586855,0.941780174859908,0.9637977375825145
